{
    "k2": {
        "sizes": {
            "1": 527,
            "0": 363
        },
        "imbalance": 1.4517906336088153
    },
    "k3": {
        "sizes": {
            "1": 356,
            "0": 271,
            "2": 263
        },
        "imbalance": 1.3536121673003803
    },
    "k4": {
        "sizes": {
            "3": 267,
            "2": 236,
            "1": 209,
            "0": 178
        },
        "imbalance": 1.5
    }
}