{
    "k2": {
        "counts": {
            "0": 388,
            "1": 502
        },
        "mean_size": 445.0,
        "std_dev": 80.61017305526642,
        "imbalance_ratio": 1.2938144329896908
    },
    "k3": {
        "counts": {
            "0": 192,
            "1": 502,
            "2": 196
        },
        "mean_size": 296.6666666666667,
        "std_dev": 177.835129637913,
        "imbalance_ratio": 2.6145833333333335
    },
    "k4": {
        "counts": {
            "0": 502,
            "1": 63,
            "2": 196,
            "3": 129
        },
        "mean_size": 222.5,
        "std_dev": 194.08331544296468,
        "imbalance_ratio": 7.968253968253968
    },
    "k5": {
        "counts": {
            "0": 386,
            "1": 63,
            "2": 196,
            "3": 129,
            "4": 116
        },
        "mean_size": 178.0,
        "std_dev": 125.55676007288497,
        "imbalance_ratio": 6.126984126984127
    }
}