{
    "k2": {
        "sizes": {
            "0": 527,
            "1": 363
        },
        "imbalance": 1.4517906336088153,
        "inertia": 56564.38913089907
    },
    "k3": {
        "sizes": {
            "0": 490,
            "1": 238,
            "2": 162
        },
        "imbalance": 3.0246913580246915,
        "inertia": 31334.927705178758
    },
    "k4": {
        "sizes": {
            "0": 310,
            "1": 236,
            "2": 173,
            "3": 171
        },
        "imbalance": 1.8128654970760234,
        "inertia": 24143.804088326768
    }
}