{
    "k2": {
        "counts": {
            "0": 392,
            "1": 493
        },
        "mean_size": 442.5,
        "std_dev": 71.4177848998413,
        "imbalance_ratio": 1.2576530612244898
    },
    "k3": {
        "counts": {
            "0": 195,
            "1": 493,
            "2": 197
        },
        "mean_size": 295.0,
        "std_dev": 171.4759458349771,
        "imbalance_ratio": 2.528205128205128
    },
    "k4": {
        "counts": {
            "0": 493,
            "1": 63,
            "2": 197,
            "3": 132
        },
        "mean_size": 221.25,
        "std_dev": 189.2482936955223,
        "imbalance_ratio": 7.825396825396825
    },
    "k5": {
        "counts": {
            "0": 378,
            "1": 63,
            "2": 197,
            "3": 132,
            "4": 115
        },
        "mean_size": 177.0,
        "std_dev": 122.13312409006821,
        "imbalance_ratio": 6.0
    },
    "k6": {
        "counts": {
            "0": 63,
            "1": 189,
            "2": 197,
            "3": 132,
            "4": 115,
            "5": 189
        },
        "mean_size": 147.5,
        "std_dev": 53.53783708742818,
        "imbalance_ratio": 3.126984126984127
    },
    "k7": {
        "counts": {
            "0": 189,
            "1": 132,
            "2": 197,
            "3": 36,
            "4": 115,
            "5": 189,
            "6": 27
        },
        "mean_size": 126.42857142857143,
        "std_dev": 71.92092218276296,
        "imbalance_ratio": 7.296296296296297
    },
    "k8": {
        "counts": {
            "0": 132,
            "1": 89,
            "2": 197,
            "3": 100,
            "4": 115,
            "5": 189,
            "6": 27,
            "7": 36
        },
        "mean_size": 110.625,
        "std_dev": 62.36055873478272,
        "imbalance_ratio": 7.296296296296297
    }
}